<?xml version="1.0"?>
<data grt_format="2.0">
  <value _ptr_="000001E973A19960" type="list" content-type="object" content-struct-name="db.mgmt.Connection">
    <value type="object" struct-name="db.mgmt.Connection" id="{5186AF9A-1489-439B-9952-73948E3F7AF5}" struct-checksum="0x96ba47d8">
      <link type="object" struct-name="db.mgmt.Driver" key="driver">com.mysql.rdbms.mysql.driver.native</link>
      <value type="string" key="hostIdentifier">Mysql@127.0.0.1:3306</value>
      <value type="int" key="isDefault">0</value>
      <value _ptr_="000001E974003F10" type="dict" key="modules"/>
      <value _ptr_="000001E9740040F0" type="dict" key="parameterValues">
        <value type="string" key="DbSqlEditor:LastDefaultSchema">integrador_cac</value>
        <value type="string" key="SQL_MODE"></value>
        <value type="string" key="hostName">127.0.0.1</value>
        <value type="int" key="lastConnected">1699742879</value>
        <value type="string" key="password"></value>
        <value type="int" key="port">3306</value>
        <value type="string" key="schema"></value>
        <value type="string" key="serverVersion">8.0.35</value>
        <value type="string" key="sslCA"></value>
        <value type="string" key="sslCert"></value>
        <value type="string" key="sslCipher"></value>
        <value type="string" key="sslKey"></value>
        <value type="int" key="useSSL">1</value>
        <value type="string" key="userName">root</value>
      </value>
      <value type="string" key="name">Integrador_cac</value>
      <link type="object" struct-name="GrtObject" key="owner">{E6AC08EE-35B2-4831-AEAF-F7D820AD67B6}</link>
    </value>
  </value>
</data>
