<?xml version="1.0"?>
<data grt_format="2.0">
  <value _ptr_="000001E973A19260" type="list" content-type="object" content-struct-name="db.mgmt.ServerInstance">
    <value type="object" struct-name="db.mgmt.ServerInstance" id="{10EECD85-4F20-4D52-90D8-20F7949E4870}" struct-checksum="0x367436e2">
      <link type="object" struct-name="db.mgmt.Connection" key="connection">{5186AF9A-1489-439B-9952-73948E3F7AF5}</link>
      <value _ptr_="000001E974004390" type="dict" key="loginInfo">
        <value type="string" key="ssh.hostName"></value>
        <value type="string" key="ssh.key">C:\Users\laura\AppData\Roaming/.ssh/ssh_private_key</value>
        <value type="string" key="ssh.localPort">3306</value>
        <value type="int" key="ssh.useKey">0</value>
        <value type="string" key="ssh.userName">mysql</value>
      </value>
      <value _ptr_="000001E974004810" type="dict" key="serverInfo">
        <value type="int" key="setupPending">1</value>
        <value type="int" key="windowsAdmin">1</value>
      </value>
      <value type="string" key="name">Integrador_cac</value>
    </value>
  </value>
</data>
